iso3,commodity,share_food,note
KEN,Maize,0.12,"carried from cpi_weights v1"
ETH,Maize,0.15,"carried from cpi_weights v1"
ETH,Wheat,0.06,"ESS basket: wheat+bread; Arsi/Gojjam zones measured; v1 estimate"
TZA,Maize,0.15,"carried from cpi_weights v1"
RWA,Maize,0.12,"carried from cpi_weights v1"
UGA,Maize,0.10,"carried from cpi_weights v1"
ZMB,Maize,0.25,"carried from cpi_weights v1; mealie meal dominates"
MWI,Maize,0.28,"carried from cpi_weights v1"
ZWE,Maize,0.20,"carried from cpi_weights v1"
MOZ,Maize,0.15,"carried from cpi_weights v1"
MDG,Rice,0.30,"carried from cpi_weights v1"
ZAF,Maize,0.05,"carried from cpi_weights v1"
NGA,Maize,0.10,"NBS: maize one of several staples; v1 estimate"
NGA,Sorghum,0.07,"NBS: sorghum major northern staple; same monitored belt; v1 estimate"
GHA,Maize,0.12,"carried from cpi_weights v1"
GHA,Sorghum,0.04,"northern staple; Upper East/West + Northern zones; v1 estimate"
CIV,Rice,0.15,"carried from cpi_weights v1"
BEN,Maize,0.15,"carried from cpi_weights v1"
